{
    "name": "root",
    "metadata": {
        "timer_format_version": "0.1.0",
        "start_time_seconds": "1706625505",
        "python_version": "3.9.13 (tags/v3.9.13:6de2ca5, May 17 2022, 16:36:42) [MSC v.1929 64 bit (AMD64)]",
        "command_line_arguments": "C:\\Users\\skiry\\UnityRobot\\venv\\Scripts\\mlagents-learn E:\\UnityRobot\\Assets\\Config\\MoveToTarget.yaml --run-id=test147",
        "mlagents_version": "0.30.0",
        "mlagents_envs_version": "0.30.0",
        "communication_protocol_version": "1.5.0",
        "pytorch_version": "2.1.1+cpu",
        "numpy_version": "1.26.3",
        "end_time_seconds": "1706625626"
    },
    "total": 120.3686402,
    "count": 1,
    "self": 0.0047996000000125605,
    "children": {
        "run_training.setup": {
            "total": 0.09622060000000054,
            "count": 1,
            "self": 0.09622060000000054
        },
        "TrainerController.start_learning": {
            "total": 120.26762,
            "count": 1,
            "self": 0.13253439999994043,
            "children": {
                "TrainerController._reset_env": {
                    "total": 12.2466893,
                    "count": 1,
                    "self": 12.2466893
                },
                "TrainerController.advance": {
                    "total": 107.80411720000006,
                    "count": 9570,
                    "self": 0.11701469999945857,
                    "children": {
                        "env_step": {
                            "total": 106.98498910000036,
                            "count": 9570,
                            "self": 101.91948400000007,
                            "children": {
                                "SubprocessEnvManager._take_step": {
                                    "total": 4.978335100000599,
                                    "count": 9570,
                                    "self": 0.3818774000004268,
                                    "children": {
                                        "TorchPolicy.evaluate": {
                                            "total": 4.5964577000001725,
                                            "count": 9561,
                                            "self": 4.5964577000001725
                                        }
                                    }
                                },
                                "workers": {
                                    "total": 0.08716999999969133,
                                    "count": 9569,
                                    "self": 0.0,
                                    "children": {
                                        "worker_root": {
                                            "total": 39.962630100000005,
                                            "count": 9569,
                                            "is_parallel": true,
                                            "self": 12.62779940000031,
                                            "children": {
                                                "steps_from_proto": {
                                                    "total": 0.00020879999999934284,
                                                    "count": 1,
                                                    "is_parallel": true,
                                                    "self": 7.790000000085229e-05,
                                                    "children": {
                                                        "_process_rank_one_or_two_observation": {
                                                            "total": 0.00013089999999849056,
                                                            "count": 2,
                                                            "is_parallel": true,
                                                            "self": 0.00013089999999849056
                                                        }
                                                    }
                                                },
                                                "UnityEnvironment.step": {
                                                    "total": 27.334621899999696,
                                                    "count": 9569,
                                                    "is_parallel": true,
                                                    "self": 0.5425853999994814,
                                                    "children": {
                                                        "UnityEnvironment._generate_step_input": {
                                                            "total": 0.47234350000010394,
                                                            "count": 9569,
                                                            "is_parallel": true,
                                                            "self": 0.47234350000010394
                                                        },
                                                        "communicator.exchange": {
                                                            "total": 25.143885799999808,
                                                            "count": 9569,
                                                            "is_parallel": true,
                                                            "self": 25.143885799999808
                                                        },
                                                        "steps_from_proto": {
                                                            "total": 1.1758072000003033,
                                                            "count": 9569,
                                                            "is_parallel": true,
                                                            "self": 0.5584058000005712,
                                                            "children": {
                                                                "_process_rank_one_or_two_observation": {
                                                                    "total": 0.6174013999997321,
                                                                    "count": 19138,
                                                                    "is_parallel": true,
                                                                    "self": 0.6174013999997321
                                                                }
                                                            }
                                                        }
                                                    }
                                                }
                                            }
                                        }
                                    }
                                }
                            }
                        },
                        "trainer_advance": {
                            "total": 0.7021134000002469,
                            "count": 9569,
                            "self": 0.13745910000046635,
                            "children": {
                                "process_trajectory": {
                                    "total": 0.5646542999997806,
                                    "count": 9569,
                                    "self": 0.5646542999997806
                                }
                            }
                        }
                    }
                },
                "TrainerController._save_models": {
                    "total": 0.08427909999998917,
                    "count": 1,
                    "self": 0.010424299999996833,
                    "children": {
                        "RLTrainer._checkpoint": {
                            "total": 0.07385479999999234,
                            "count": 1,