{
    "name": "root",
    "gauges": {
        "MoveToTarget.Policy.Entropy.mean": {
            "value": 1.4190149307250977,
            "min": 1.4190149307250977,
            "max": 1.4190149307250977,
            "count": 1
        },
        "MoveToTarget.Policy.Entropy.sum": {
            "value": 73893.78125,
            "min": 73893.78125,
            "max": 73893.78125,
            "count": 1
        },
        "MoveToTarget.Environment.EpisodeLength.mean": {
            "value": 10.64828897338403,
            "min": 10.64828897338403,
            "max": 10.64828897338403,
            "count": 1
        },
        "MoveToTarget.Environment.EpisodeLength.sum": {
            "value": 44808.0,
            "min": 44808.0,
            "max": 44808.0,
            "count": 1
        },
        "MoveToTarget.Step.mean": {
            "value": 49974.0,
            "min": 49974.0,
            "max": 49974.0,
            "count": 1
        },
        "MoveToTarget.Step.sum": {
            "value": 49974.0,
            "min": 49974.0,
            "max": 49974.0,
            "count": 1
        },
        "MoveToTarget.Policy.ExtrinsicValueEstimate.mean": {
            "value": 3.3369035720825195,
            "min": 3.3369035720825195,
            "max": 3.3369035720825195,
            "count": 1
        },
        "MoveToTarget.Policy.ExtrinsicValueEstimate.sum": {
            "value": 14372.0439453125,
            "min": 14372.0439453125,
            "max": 14372.0439453125,
            "count": 1
        },
        "MoveToTarget.Environment.CumulativeReward.mean": {
            "value": -1.9885795860099929,
            "min": -1.9885795860099929,
            "max": -1.9885795860099929,
            "count": 1
        },
        "MoveToTarget.Environment.CumulativeReward.sum": {
            "value": -8358.0,
            "min": -8358.0,
            "max": -8358.0,
            "count": 1
        },
        "MoveToTarget.Policy.ExtrinsicReward.mean": {
            "value": -1.9885795860099929,
            "min": -1.9885795860099929,
            "max": -1.9885795860099929,
            "count": 1
        },
        "MoveToTarget.Policy.ExtrinsicReward.sum": {
            "value": -8358.0,
            "min": -8358.0,
            "max": -8358.0,
            "count": 1
        },
        "MoveToTarget.Losses.PolicyLoss.mean": {
            "value": 0.022413532814243808,
            "min": 0.022413532814243808,
            "max": 0.022413532814243808,
            "count": 1
        },
        "MoveToTarget.Losses.PolicyLoss.sum": {
            "value": 0.08965413125697523,
            "min": 0.08965413125697523,
            "max": 0.08965413125697523,
            "count": 1
        },
        "MoveToTarget.Losses.ValueLoss.mean": {
            "value": 15.37794804374377,
            "min": 15.37794804374377,
            "max": 15.37794804374377,
            "count": 1
        },
        "MoveToTarget.Losses.ValueLoss.sum": {
            "value": 61.51179217497508,
            "min": 61.51179217497508,
            "max": 61.51179217497508,
            "count": 1
        },
        "MoveToTarget.Policy.LearningRate.mean": {
            "value": 0.00029998456560514485,
            "min": 0.00029998456560514485,
            "max": 0.00029998456560514485,
            "count": 1
        },
        "MoveToTarget.Policy.LearningRate.sum": {
            "value": 0.0011999382624205794,
            "min": 0.0011999382624205794,
            "max": 0.0011999382624205794,
            "count": 1
        },
        "MoveToTarget.Policy.Epsilon.mean": {
            "value": 0.1999948552,
            "min": 0.1999948552,
            "max": 0.1999948552,
            "count": 1
        },
        "MoveToTarget.Policy.Epsilon.sum": {
            "value": 0.7999794208,
            "min": 0.7999794208,
            "max": 0.7999794208,
            "count": 1
        },
        "MoveToTarget.Policy.Beta.mean": {
            "value": 0.00499974327448,
            "min": 0.00499974327448,
            "max": 0.00499974327448,
            "count": 1
        },
        "MoveToTarget.Policy.Beta.sum": {
            "value": 0.01999897309792,
            "min": 0.01999897309792,
            "max": 0.01999897309792,
            "count": 1
        },
        "MoveToTarget.IsTraining.mean": {
            "value": 1.0,
            "min": 1.0,
            "max": 1.0,
            "count": 1
        },
        "MoveToTarget.IsTraining.sum": {
            "value": 1.0,
            "min": 1.0,
            "max": 1.0,
            "count": 1
        }
    },
    "metadata": {
        "timer_format_version": "0.1.0",
        "start_time_seconds": "1705959515",
        "python_version": "3.9.13 (tags/v3.9.13:6de2ca5, May 17 2022, 16:36:42) [MSC v.1929 64 bit (AMD64)]",
        "command_line_arguments": "C:\\Users\\skiry\\UnityRobot\\venv\\Scripts\\mlagents-learn E:\\UnityRobot\\Assets\\Config\\MoveToTarget.yaml --run-id=Test68 --env=E:\\UnityRobotBuilds\\UnityRobot.exe --num-envs=25",
        "mlagents_version": "0.30.0",
        "mlagents_envs_version": "0.30.0",
        "communication_protocol_version": "1.5.0",
        "pytorch_version": "2.1.1+cpu",
        "numpy_version": "1.21.2",
        "end_time_seconds": "1705959586"
    },
    "total": 71.2248226,
    "count": 1,
    "self": 12.469673099999994,
    "children": {
        "run_training.setup": {
            "total": 3.4470984000000002,
            "count": 1,
            "self": 3.4470984000000002
        },
        "TrainerController.start_learning": {
            "total": 55.3080511,
            "count": 1,
            "self": 0.07600530000001271,
            "children": {
                "TrainerController._reset_env": {
                    "total": 14.609236800000001,
                    "count": 1,
                    "self": 14.609236800000001
                },
                "TrainerController.advance": {
                    "total": 40.40851179999999,
                    "count": 744,
                    "self": 0.018303499999909434,
                    "children": {
                        "env_step": {
                            "total": 20.043226000000033,
                            "count": 744,
                            "self": 6.901145699999699,
                            "children": {
                                "SubprocessEnvManager._take_step": {
                                    "total": 13.056525300000338,
                                    "count": 17416,
                                    "self": 0.8973984000003341,
                                    "children": {
                                        "TorchPolicy.evaluate": {
                                            "total": 12.159126900000004,
                                            "count": 12650,
                                            "self": 12.159126900000004
                                        }
                                    }
                                },
                                "workers": {
                                    "total": 0.08555499999999583,
                                    "count": 743,
                                    "self": 0.0,
                                    "children": {
                                        "worker_root": {
                                            "total": 1083.721036700003,
                                            "count": 17402,
                                            "is_parallel": true,
                                            "self": 1032.096231200003,
                                            "children": {
                                                "steps_from_proto": {
                                                    "total": 0.008539400000008968,
                                                    "count": 25,
                                                    "is_parallel": true,