{
    "name": "root",
    "gauges": {
        "MoveToTarget.Policy.Entropy.mean": {
            "value": 1.2656059265136719,
            "min": 1.2656059265136719,
            "max": 1.4170383214950562,
            "count": 17
        },
        "MoveToTarget.Policy.Entropy.sum": {
            "value": 63604.29296875,
            "min": 63597.59765625,
            "max": 83355.859375,
            "count": 17
        },
        "MoveToTarget.Environment.EpisodeLength.mean": {
            "value": 54.13777267508611,
            "min": 10.244226044226044,
            "max": 54.13777267508611,
            "count": 17
        },
        "MoveToTarget.Environment.EpisodeLength.sum": {
            "value": 47154.0,
            "min": 41694.0,
            "max": 49114.0,
            "count": 17
        },
        "MoveToTarget.Step.mean": {
            "value": 849975.0,
            "min": 49999.0,
            "max": 849975.0,
            "count": 17
        },
        "MoveToTarget.Step.sum": {
            "value": 849975.0,
            "min": 49999.0,
            "max": 849975.0,
            "count": 17
        },
        "MoveToTarget.Policy.ExtrinsicValueEstimate.mean": {
            "value": -20.732969284057617,
            "min": -28.879976272583008,
            "max": -6.241621971130371,
            "count": 17
        },
        "MoveToTarget.Policy.ExtrinsicValueEstimate.sum": {
            "value": -28963.95703125,
            "min": -83859.2265625,
            "max": -26202.328125,
            "count": 17
        },
        "MoveToTarget.Environment.CumulativeReward.mean": {
            "value": -35.675878162219604,
            "min": -36.112501425117415,
            "max": -35.576883982705716,
            "count": 17
        },
        "MoveToTarget.Environment.CumulativeReward.sum": {
            "value": -31038.014001131058,
            "min": -146688.98078882694,
            "max": -31038.014001131058,
            "count": 17
        },
        "MoveToTarget.Policy.ExtrinsicReward.mean": {
            "value": -35.675878162219604,
            "min": -36.112501425117415,
            "max": -35.576883982705716,
            "count": 17
        },
        "MoveToTarget.Policy.ExtrinsicReward.sum": {
            "value": -31038.014001131058,
            "min": -146688.98078882694,
            "max": -31038.014001131058,
            "count": 17
        },
        "MoveToTarget.Losses.PolicyLoss.mean": {
            "value": 0.024658545208900855,
            "min": 0.020900866459366323,
            "max": 0.026771022090300294,
            "count": 17
        },
        "MoveToTarget.Losses.PolicyLoss.sum": {
            "value": 0.12329272604450428,
            "min": 0.0836034658374653,
            "max": 0.13385511045150147,
            "count": 17
        },
        "MoveToTarget.Losses.ValueLoss.mean": {
            "value": 21.634884668986,
            "min": 20.576981552441914,
            "max": 208.8715457280477,
            "count": 17
        },
        "MoveToTarget.Losses.ValueLoss.sum": {
            "value": 108.17442334493,
            "min": 82.30792620976766,
            "max": 835.4861829121908,
            "count": 17
        },
        "MoveToTarget.Policy.LearningRate.mean": {
            "value": 0.0002999950625188458,
            "min": 0.0002999950625188458,
            "max": 0.000299999843833552,
            "count": 17
        },
        "MoveToTarget.Policy.LearningRate.sum": {
            "value": 0.001499975312594229,
            "min": 0.0011999813847962052,
            "max": 0.0014999978055307314,
            "count": 17
        },
        "MoveToTarget.Policy.Epsilon.mean": {
            "value": 0.1999983541724,
            "min": 0.1999983541724,
            "max": 0.19999994794450002,
            "count": 17
        },
        "MoveToTarget.Policy.Epsilon.sum": {
            "value": 0.999991770862,
            "min": 0.79999379493,
            "max": 0.99999926851,
            "count": 17
        },
        "MoveToTarget.Policy.Beta.mean": {
            "value": 0.00499991787320276,
            "min": 0.00499991787320276,
            "max": 0.00499999740243055,
            "count": 17
        },
        "MoveToTarget.Policy.Beta.sum": {
            "value": 0.0249995893660138,
            "min": 0.019999690367006998,
            "max": 0.024999963498649,
            "count": 17
        },
        "MoveToTarget.IsTraining.mean": {
            "value": 1.0,
            "min": 1.0,
            "max": 1.0,
            "count": 17
        },
        "MoveToTarget.IsTraining.sum": {
            "value": 1.0,
            "min": 1.0,
            "max": 1.0,
            "count": 17
        }
    },
    "metadata": {
        "timer_format_version": "0.1.0",
        "start_time_seconds": "1706277596",
        "python_version": "3.9.13 (tags/v3.9.13:6de2ca5, May 17 2022, 16:36:42) [MSC v.1929 64 bit (AMD64)]",
        "command_line_arguments": "C:\\Users\\skiry\\UnityRobot\\venv\\Scripts\\mlagents-learn E:\\UnityRobot\\Assets\\Config\\MoveToTarget.yaml --run-id=test92 --num-envs=25 --env=E:\\UnityRobotBuilds",
        "mlagents_version": "0.30.0",
        "mlagents_envs_version": "0.30.0",
        "communication_protocol_version": "1.5.0",
        "pytorch_version": "2.1.1+cpu",
        "numpy_version": "1.26.3",
        "end_time_seconds": "1706277926"
    },
    "total": 330.0595129,
    "count": 1,
    "self": 11.64011690000001,
    "children": {
        "run_training.setup": {
            "total": 3.2939222,
            "count": 1,
            "self": 3.2939222
        },
        "TrainerController.start_learning": {
            "total": 315.1254738,
            "count": 1,
            "self": 0.2227378000014255,
            "children": {
                "TrainerController._reset_env": {
                    "total": 35.8139811,
                    "count": 1,
                    "self": 35.8139811
                },
                "TrainerController.advance": {
                    "total": 278.9317327999986,
                    "count": 3203,
                    "self": 0.07403239999882771,
                    "children": {
                        "env_step": {
                            "total": 99.91769960000002,
                            "count": 3203,
                            "self": 50.25223479999596,
                            "children": {
                                "SubprocessEnvManager._take_step": {
                                    "total": 49.3116744000043,
                                    "count": 73058,
                                    "self": 3.5384656000045,
                                    "children": {
                                        "TorchPolicy.evaluate": {
                                            "total": 45.7732087999998,
                                            "count": 49869,
                                            "self": 45.7732087999998
                                        }
                                    }
                                },
                                "workers": {
                                    "total": 0.3537903999997596,
                                    "count": 3203,
                                    "self": 0.0,
                                    "children": {
                                        "worker_root": {
                                            "total": 7004.225737499957,
                                            "count": 73056,
                                            "is_parallel": true,
                                            "self": 6762.2422516999495,
                                            "children": {
                                                "steps_from_proto": {
                                                    "total": 0.2499741999999685,
                                                    "count": 25,