{
    "name": "root",
    "gauges": {
        "MoveToTarget.Policy.Entropy.mean": {
            "value": 0.2408478558063507,
            "min": 0.2408478558063507,
            "max": 0.2408478558063507,
            "count": 1
        },
        "MoveToTarget.Policy.Entropy.sum": {
            "value": 21.676307678222656,
            "min": 21.676307678222656,
            "max": 21.676307678222656,
            "count": 1
        },
        "MoveToTarget.Environment.EpisodeLength.mean": {
            "value": 0.0,
            "min": 0.0,
            "max": 0.0,
            "count": 1
        },
        "MoveToTarget.Environment.EpisodeLength.sum": {
            "value": 0.0,
            "min": 0.0,
            "max": 0.0,
            "count": 1
        },
        "MoveToTarget.Step.mean": {
            "value": 18999999.0,
            "min": 18999999.0,
            "max": 18999999.0,
            "count": 1
        },
        "MoveToTarget.Step.sum": {
            "value": 18999999.0,
            "min": 18999999.0,
            "max": 18999999.0,
            "count": 1
        },
        "MoveToTarget.Policy.ExtrinsicValueEstimate.mean": {
            "value": 5.023064613342285,
            "min": 5.023064613342285,
            "max": 5.023064613342285,
            "count": 1
        },
        "MoveToTarget.Policy.ExtrinsicValueEstimate.sum": {
            "value": 15.069193840026855,
            "min": 15.069193840026855,
            "max": 15.069193840026855,
            "count": 1
        },
        "MoveToTarget.Environment.CumulativeReward.mean": {
            "value": 3.169114271799723,
            "min": 3.169114271799723,
            "max": 3.169114271799723,
            "count": 1
        },
        "MoveToTarget.Environment.CumulativeReward.sum": {
            "value": 9.50734281539917,
            "min": 9.50734281539917,
            "max": 9.50734281539917,
            "count": 1
        },
        "MoveToTarget.Policy.ExtrinsicReward.mean": {
            "value": 3.169114271799723,
            "min": 3.169114271799723,
            "max": 3.169114271799723,
            "count": 1
        },
        "MoveToTarget.Policy.ExtrinsicReward.sum": {
            "value": 9.50734281539917,
            "min": 9.50734281539917,
            "max": 9.50734281539917,
            "count": 1
        },
        "MoveToTarget.IsTraining.mean": {
            "value": 1.0,
            "min": 1.0,
            "max": 1.0,
            "count": 1
        },
        "MoveToTarget.IsTraining.sum": {
            "value": 1.0,
            "min": 1.0,
            "max": 1.0,
            "count": 1
        }
    },
    "metadata": {
        "timer_format_version": "0.1.0",
        "start_time_seconds": "1707002901",
        "python_version": "3.9.13 (tags/v3.9.13:6de2ca5, May 17 2022, 16:36:42) [MSC v.1929 64 bit (AMD64)]",
        "command_line_arguments": "C:\\Users\\skiry\\UnityRobot\\venv\\Scripts\\mlagents-learn E:\\UnityRobot\\Assets\\Config\\MoveToTarget.yaml --run-id=test171 --resume",
        "mlagents_version": "0.30.0",
        "mlagents_envs_version": "0.30.0",
        "communication_protocol_version": "1.5.0",
        "pytorch_version": "2.1.1+cpu",
        "numpy_version": "1.26.3",
        "end_time_seconds": "1707002933"
    },
    "total": 32.1317899,
    "count": 1,
    "self": 0.004756300000003932,
    "children": {
        "run_training.setup": {
            "total": 0.09984289999999874,
            "count": 1,
            "self": 0.09984289999999874
        },
        "TrainerController.start_learning": {
            "total": 32.0271907,
            "count": 1,
            "self": 0.014354399999973566,
            "children": {
                "TrainerController._reset_env": {
                    "total": 11.368005899999998,
                    "count": 1,
                    "self": 11.368005899999998
                },
                "TrainerController.advance": {
                    "total": 20.606218000000023,
                    "count": 1050,
                    "self": 0.014055800000026153,
                    "children": {
                        "env_step": {
                            "total": 15.501496700000008,
                            "count": 1050,
                            "self": 15.251320900000021,
                            "children": {
                                "SubprocessEnvManager._take_step": {
                                    "total": 0.24170079999997895,
                                    "count": 1050,
                                    "self": 0.021912199999967186,
                                    "children": {
                                        "TorchPolicy.evaluate": {
                                            "total": 0.21978860000001177,
                                            "count": 241,
                                            "self": 0.21978860000001177
                                        }
                                    }
                                },
                                "workers": {
                                    "total": 0.008475000000007782,
                                    "count": 1049,
                                    "self": 0.0,
                                    "children": {
                                        "worker_root": {
                                            "total": 10.62287550000009,
                                            "count": 1049,
                                            "is_parallel": true,
                                            "self": 6.987522900000085,
                                            "children": {
                                                "steps_from_proto": {
                                                    "total": 0.0006740999999994557,
                                                    "count": 1,
                                                    "is_parallel": true,
                                                    "self": 0.00017979999999973018,
                                                    "children": {
                                                        "_process_rank_one_or_two_observation": {
                                                            "total": 0.0004942999999997255,
                                                            "count": 2,
                                                            "is_parallel": true,
                                                            "self": 0.0004942999999997255
                                                        }
                                                    }
                                                },
                                                "UnityEnvironment.step": {
                                                    "total": 3.634678500000005,
                                                    "count": 1049,
                                                    "is_parallel": true,
                                                    "self": 0.13957320000010043,
                                                    "children": {
                                                        "UnityEnvironment._generate_step_input": {
                                                            "total": 0.24763050000000675,
                                                            "count": 1049,
                                                            "is_parallel": true,
                                                            "self": 0.24763050000000675
                                                        },
                                                        "communicator.exchange": {
                                                            "total": 3.0165965999999163,
                                                            "count": 1049,
                                                            "is_parallel": true,