{
    "name": "root",
    "metadata": {
        "timer_format_version": "0.1.0",
        "start_time_seconds": "1701192000",
        "python_version": "3.9.13 (tags/v3.9.13:6de2ca5, May 17 2022, 16:36:42) [MSC v.1929 64 bit (AMD64)]",
        "command_line_arguments": "C:\\Users\\skiry\\UnityRobot\\venv\\Scripts\\mlagents-learn --run-id=Test4",
        "mlagents_version": "0.30.0",
        "mlagents_envs_version": "0.30.0",
        "communication_protocol_version": "1.5.0",
        "pytorch_version": "2.1.1+cpu",
        "numpy_version": "1.21.2",
        "end_time_seconds": "1701192074"
    },
    "total": 73.2363014,
    "count": 1,
    "self": 0.00495470000001319,
    "children": {
        "run_training.setup": {
            "total": 0.02591980000000005,
            "count": 1,
            "self": 0.02591980000000005
        },
        "TrainerController.start_learning": {
            "total": 73.20542689999999,
            "count": 1,
            "self": 0.0072321000000243885,
            "children": {
                "TrainerController._reset_env": {
                    "total": 7.254415,
                    "count": 1,
                    "self": 7.254415
                },
                "TrainerController.advance": {
                    "total": 65.85620969999997,
                    "count": 551,
                    "self": 0.006543499999949631,
                    "children": {
                        "env_step": {
                            "total": 65.7665825,
                            "count": 551,
                            "self": 65.45360449999998,
                            "children": {
                                "SubprocessEnvManager._take_step": {
                                    "total": 0.30830019999999614,
                                    "count": 551,
                                    "self": 0.022671399999998343,
                                    "children": {
                                        "TorchPolicy.evaluate": {
                                            "total": 0.2856287999999978,
                                            "count": 551,
                                            "self": 0.2856287999999978
                                        }
                                    }
                                },
                                "workers": {
                                    "total": 0.004677800000015608,
                                    "count": 550,
                                    "self": 0.0,
                                    "children": {
                                        "worker_root": {
                                            "total": 3.7542153999999854,
                                            "count": 550,
                                            "is_parallel": true,
                                            "self": 1.105020599999965,
                                            "children": {
                                                "steps_from_proto": {
                                                    "total": 0.00211529999999982,
                                                    "count": 1,
                                                    "is_parallel": true,
                                                    "self": 0.00012679999999942737,
                                                    "children": {
                                                        "_process_rank_one_or_two_observation": {
                                                            "total": 0.0019885000000003927,
                                                            "count": 2,
                                                            "is_parallel": true,
                                                            "self": 0.0019885000000003927
                                                        }
                                                    }
                                                },
                                                "UnityEnvironment.step": {
                                                    "total": 2.6470795000000207,
                                                    "count": 550,
                                                    "is_parallel": true,
                                                    "self": 0.02945480000001499,
                                                    "children": {
                                                        "UnityEnvironment._generate_step_input": {
                                                            "total": 0.024627800000006417,
                                                            "count": 550,
                                                            "is_parallel": true,
                                                            "self": 0.024627800000006417
                                                        },
                                                        "communicator.exchange": {
                                                            "total": 2.5225466000000205,
                                                            "count": 550,
                                                            "is_parallel": true,
                                                            "self": 2.5225466000000205
                                                        },
                                                        "steps_from_proto": {
                                                            "total": 0.07045029999997876,
                                                            "count": 550,
                                                            "is_parallel": true,
                                                            "self": 0.033774199999965226,
                                                            "children": {
                                                                "_process_rank_one_or_two_observation": {
                                                                    "total": 0.036676100000013534,
                                                                    "count": 1100,
                                                                    "is_parallel": true,
                                                                    "self": 0.036676100000013534
                                                                }
                                                            }
                                                        }
                                                    }
                                                }
                                            }
                                        }
                                    }
                                }
                            }
                        },
                        "trainer_advance": {
                            "total": 0.08308370000001197,
                            "count": 550,
                            "self": 0.007742400000017469,
                            "children": {
                                "process_trajectory": {
                                    "total": 0.0753412999999945,
                                    "count": 550,
                                    "self": 0.0753412999999945
                                }
                            }
                        }
                    }
                },
                "TrainerController._save_models": {
                    "total": 0.08757010000000776,
                    "count": 1,
                    "self": 1.7100000007985727e-05,
                    "children": {
                        "RLTrainer._checkpoint": {
                            "total": 0.08755299999999977,
                            "count": 1,